name,type,category,buyCostEnergy,playCostEnergy,playCostWater,playCostPhosphorus,playCostNitrogen,timing,axis,threat,produces,effect,flavor,notes,familyKey,targeting,radius,growthAmount,clears
Hyphal Advance,basic,grow,0,0,0,0,0,early,grow,none,growth,GLOBAL. Release the network: every tip runs one growth pulse toward sensed food. Unplayable if no attractor is in sensing range.,"The default hunger of a colony: reach, always, toward the next meal.",,grow-basic,global,,1 pulse,
Radial Flush,basic,growth-trick,0,0,0,0,0,early,grow,none,growth,"GLOBAL. Grow 1 short segment in EVERY direction from every tip, ignoring attractors. Fills a pocket and seeds branches to steer later.",Marasmius throwing a fairy ring outward in every bearing at once.,,grow-basic,global,,1 (omni),
Tropic Lunge,basic,growth-trick,0,0,0,0,0,flex,route,none,growth,"DIRECTIONAL. Aim a straight-line growth burst of 3 segments in a chosen compass direction, ignoring attractors. Punches toward terrain you can't yet sense.",Positive tropism — the tip commits to a bearing and drives.,,grow-basic,directional,,3 (aimed),
Forage Seek,basic,growth-trick,0,0,0,0,0,flex,route,none,growth,"GLOBAL. Grow 3 segments toward the NEAREST food source anywhere on the map, even if out of sensing range. Unplayable if no food remains.",Chemotropism across the dark — the colony always knows where the larder is.,,grow-basic,global,,3 (seek),
Leaf-Litter Lure,basic,substrate,0,0,0,0,0,early,substrate,none,substrate,DIRECTIONAL. Drop a SMALL nutrient patch at the edge of sensing range in a chosen direction. Steers the next Grow; barely feeds.,A scatter of rotting leaf to tempt the frontier onward.,,substrate-ladder,directional,,,
Burst Digest,basic,digest,0,0,0,0,0,flex,energy,none,energy,GLOBAL. Over-digest ALL occupied substrate at once for +1 Energy per occupied patch (flat). Depletes those patches faster than passive income would.,Cash the mat in now — autolysis for a quick meal.,,digest,global,,,
Twig Bed,action,substrate,5,0,0,0,0,early,substrate,none,substrate,"DIRECTIONAL, cooldown 2. Drop a MEDIUM nutrient patch at the edge of sensing range in a chosen direction — enough to lure and lightly feed a branch.","Woody debris: slower to rot, but it holds a frontier.",,substrate-ladder,directional,,,
Log Cache,event,substrate,9,0,0,0,0,mid,substrate,none,substrate,"DIRECTIONAL, one-shot. Drop a LARGE nutrient patch at the edge of sensing range in a chosen direction — a real pile that both lures and feeds a colonisation.","A whole fallen limb, buried and waiting — Xylaria's feast.",,substrate-ladder,directional,,,
Buried Windfall,event,substrate,16,0,0,0,0,late,substrate,none,substrate,"DIRECTIONAL, one-shot. Drop a HUGE nutrient patch at the edge of sensing range in a chosen direction — bridges a barren stretch or bankrolls a late push.",The whole windthrown crown gone under — a season of food in one drop.,,substrate-ladder,directional,,,
Guttation Sip,basic,water,0,0,0,0,0,flex,water,none,water,DIRECTIONAL. Tap a lake edge in a chosen direction for +3 Water (drains one of the edge's ~3 charges). Unplayable if no lake edge is in range.,Hydnellum weeping clear droplets at dawn.,,water-tap,directional,,,
Mineral Etch,basic,phosphorus,0,0,0,0,0,flex,phosphorus,none,phosphorus,DIRECTIONAL. Tap a mineral/crystal rock in a chosen direction for +3 Phosphorus (one of its ~3 charges). Unplayable if no mineral rock is in range.,"Oxalic acid pitting the stone, prying phosphate loose.",,phos-tap,directional,,,
Saprophagy,basic,nitrogen,0,0,0,0,0,flex,nitrogen,none,nitrogen,GLOBAL. Scavenge decay across the network for +1 Nitrogen. The free floor when no worm is dead to digest.,Nitrogen wrung from whatever already died down here.,,nitro-tap,global,,,
Rootlet Bore,basic,dig,0,0,0,0,0,early,route,none,clear,DIRECTIONAL. Clear ONE boulder (1-cell rock) in a chosen direction. Unplayable if no boulder is in range.,Acid-tipped rhizomorphs worrying a pebble out of the way.,,dig-ladder,directional,,,boulder
Rhizomorph Pry,action,dig,6,0,1,0,0,mid,route,none,clear,"DIRECTIONAL, cooldown 2. Clear ONE rock formation (the wide low crystal/ember/fungal masses) in a chosen direction. Unplayable if no formation is in range.",Armillaria's black bootlaces splitting a seam in the mass.,,dig-ladder,directional,,,formation
Serpula Creep,action,dig,12,0,0,2,0,mid,route,none,clear,"DIRECTIONAL, cooldown 3. Clear ONE rock column (a full vertical barrier) in a chosen direction. Unplayable if no column is in range.",Dry rot conducts its own water and walks straight through masonry.,,dig-ladder,directional,,,column
Basin Breach,event,dig,22,0,2,3,0,late,route,none,clear,"DIRECTIONAL, one-shot. Drain and clear the lake basin barrier in a chosen direction — opens the hardest crossing on the map. Unplayable if the basin is not in range.",Undermine the bowl and let the whole lake find the deep dark.,,dig-ladder,directional,,,lake-basin
Universal Solvent,event,dig,18,0,0,2,0,late,route,none,clear,"DIRECTIONAL, one-shot. Clear ANY ONE rock in a chosen direction regardless of class — boulder, formation, column, or lake basin. Unplayable if no rock is in range.",Oxalic acid enough to eat anything the earth put in your way.,,dig-ladder,directional,,,boulder|formation|column|lake-basin
Rhizomorph Cord,engine,energy-engine,9,0,0,0,0,early,energy,none,+2 energy/round,"INSTALL. +2 Energy per round while the network is alive. The cheap, reliable trunk line.","Bundled hyphae as a pipeline, shuttling sugar from the far frontier home.",Energy engine: 2/round. Repay ~5 rounds. Counts to <11 ceiling.,energy-engine,,,,
Xylaria Deadwood Bed,engine,energy-engine,13,0,0,0,0,mid,energy,none,+3 energy/round (broad),"INSTALL. +3 Energy per round, but only while you occupy at least 4 substrate patches (else +1). Rewards a broad, colonised mat.","Dead man's fingers, patiently rendering buried wood to sugar.","Energy engine: up to 3/round, conditional. Repay ~5. Counts to <11 ceiling.",energy-engine,,,,
Sclerotial Battery,engine,energy-engine,15,0,0,1,0,mid,energy,none,+4 energy/round (6 rounds),"INSTALL. +4 Energy per round for 6 rounds, then it exhausts to a spent husk (+0). A finite, front-loaded engine — burn it during a hard stretch.","A sclerotium spending its hoarded store, then going quiet.","Energy engine: 4/round capped, self-exhausting. Repay ~4. Counts to <11 while live.",energy-engine,,,,
Fairy-Ring Metabolism,engine,energy-engine,12,0,0,0,0,mid,energy,none,+2 energy/round + slow growth,"INSTALL. +2 Energy per round, AND once every 3 rounds it also grows 1 omni-segment for free. A slow economy that also creeps.","The ring widens each year, feeding as it goes.",Energy engine: 2/round (growth is exempt). Repay ~6. Counts to <11 ceiling.,energy-engine,,,,
Autolysis,event,energy-burst,7,0,0,0,0,flex,energy,none,energy burst,"GLOBAL, one-shot. Over-digest ALL occupied substrate for +2 Energy per patch (flat). Downside: leaves those patches near-empty, cutting passive income next round.",The colony eats its own stored mass in a rush.,Ungated but real downside (income crash). Flat +2/patch.,energy-burst,global,,,
Enzyme Bloom,event,energy-burst,6,0,2,0,0,flex,energy,none,energy burst,"GLOBAL, one-shot. +3 Energy per occupied patch (flat). Gated by Water — turgor drives the enzyme flush.",A pulse of cellulase across the whole mat at once.,Gated => cheaper than Autolysis for a bigger flat rate.,energy-burst,global,,,
Phosphate Fire,event,energy-burst,8,0,0,2,0,mid,energy,none,energy burst,"GLOBAL, one-shot. +4 Energy per occupied patch (flat). Gated by Phosphorus — ATP spent to redline metabolism.",Every mitochondrion in the mat opened wide for one heartbeat.,Highest flat rate; heavy P gate keeps it honest.,energy-burst,global,,,
Cordyceps Windfall,event,energy-burst,6,0,0,0,2,mid,energy,none,energy burst,"GLOBAL, one-shot. Gain +6 Energy for each dead nematode you have digested this run (flat, min +6). Gated by Nitrogen. Rewards a worm-heavy map.","The predator's fee, paid all at once.","Scales with worm kills; useless-ish on worm-light maps => opportunity cost, not a dud.",energy-burst,global,,,
Anastomosis,extender,draw,8,0,0,0,0,flex,draw,none,+3 basics,INSTALL. Shuffle 3 new Hyphal Advance basics into your draw deck. Extends the clock; the extender itself is not recycled.,Hyphae fusing where they cross — the net rewires itself denser.,,extender,,,,
Chlamydospore Reserve,extender,draw,7,0,0,0,0,flex,draw,none,+3 basics,INSTALL. Shuffle 2 Burst Digest and 1 Leaf-Litter Lure basic into your draw deck. Runway plus a little economy.,Thick-walled survival spores banked against the lean stretch.,,extender,,,,
Rhizomorph Highway,extender,draw,8,0,0,0,0,flex,draw,none,+3 basics,INSTALL. Shuffle 3 Tropic Lunge basics into your draw deck. Runway tuned for punching across barren terrain.,Cord-conducting bundles laid down as express lanes.,,extender,,,,
Mycorrhizal Windfall,extender,draw,14,0,0,0,0,late,draw,none,+5 basics,"INSTALL. Shuffle 5 assorted basics (2 grow, 1 substrate, 1 water tap, 1 mineral tap) into your draw deck. The big late-run runway refill.","A whole root-web of partners, suddenly plugged in.",,extender,,,,
Ghost-Fungus Lantern,engine,draw,11,0,0,0,0,flex,draw,none,draw discount + sensing,"INSTALL. Widens sensing radius so attractors are found sooner, AND the FIRST draw each round costs 3 less Energy. Cheapens the clock without refilling it.",Panellus glow lighting the substrate two body-lengths further out.,Draw-economy engine; does not print master currency (exempt from ceiling).,draw-engine,,,,
Woodwide Web,action,draw,10,0,0,0,0,mid,draw,none,free draw / 3 rounds,"INSTALL, cooldown 3. Next draw this round is FREE (0 Energy). A repeatable pressure valve on the energy-for-cards tax.",The common network sharing what one colony can't afford alone.,,draw-engine,,,,
Osmotic Draught,action,water,6,0,0,0,0,flex,water,none,water harvest,"DIRECTIONAL, cooldown 1. Deep-tap a lake edge in a chosen direction for +6 Water at once (drains 2 charges). The Water harvest option. Unplayable if no lake edge in range.",Suillus drawing hard on the bog it grew beside.,,water,directional,,,
Suillus Bog Mat,engine,water,12,0,0,0,0,mid,water,none,+3 water/round,INSTALL. +3 Water per round while any tip sits within sensing range of a lake; +1 otherwise. Your standing Water supply.,A bolete's felt drinking steadily from the waterline.,Resource engine (exempt from energy ceiling). Repay in tempo.,water,,,,
Turgor Surge,event,water,7,0,3,0,0,flex,growth,none,growth spike,"GLOBAL, one-shot. Gated by Water. Every tip grows 2 segments toward sensed food AND branches denser — a turgor-pressure growth spike across the whole colony.",Cells swelling with water until the whole front lunges.,,water,global,,2 (all tips),
Aquaporin Gate,engine,water,11,0,1,0,0,mid,growth,none,reach engine,"INSTALL. Each round, one growth pulse toward sensed food is 40% longer reach (flat +2 segment length). Sustained traversal engine, Water-themed.",Water channels flung wide so the tip drives further per push.,Growth engine (exempt). Repay in saved grow actions.,water,,,,
Hydraulic Lift,event,water,9,0,2,0,0,mid,route,none,multi-boulder clear,"RADIUS around a tap (radius 90). Gated by Water. Soften and clear every boulder within the radius at once, and lure growth into the cleared ground. Unplayable if no boulder in radius.",Redistributing night water to crack a field of stones.,,water,radius,90,,boulder
Rehydration Bloom,action,water,8,0,1,0,0,flex,general-defense,all,heal,"RADIUS around a tap (radius 100), cooldown 2. Gated by Water. Restore vitality to all strands in the radius and clear any drought/dip. General repair, Water-themed.",Parched hyphae plumping back to life as the water returns.,,water,radius,100,,
Oxalic Bore,action,phosphorus,6,0,0,0,0,flex,phosphorus,none,phosphorus harvest,"DIRECTIONAL, cooldown 1. Deep-etch a mineral rock in a chosen direction for +6 Phosphorus (2 charges). The Phosphorus harvest option. Unplayable if no mineral rock in range.",Crystals of calcium oxalate blooming where the acid bites deepest.,,phosphorus,directional,,,
Glomus Arbuscule,engine,phosphorus,10,0,0,0,0,mid,phosphorus,none,+2 phosphorus/round,INSTALL. +2 Phosphorus per round while alive. The steady mycorrhizal P line.,"Arbuscular hyphae branching inside a root, trading sugar for phosphate.",Resource engine (exempt from energy ceiling).,phosphorus,,,,
Hartig Net,engine,phosphorus,13,0,0,1,0,mid,phosphorus,none,+3 phosphorus/round,INSTALL. +3 Phosphorus per round while you occupy at least 3 patches; +1 otherwise. The broad-colony P engine.,A lattice of hyphae sheathing every rootlet in reach.,Resource engine (exempt). Gate keeps it off turn-one.,phosphorus,,,,
Prototaxites Spire,engine,phosphorus,14,0,0,2,0,mid,grow,none,vertical growth/round,"INSTALL. Gated by Phosphorus. Each round, grow 1 aimed segment straight UP toward the surface — a standing structural push toward daylight.","The great primordial fungal tower, reaching for a sky that had no trees.",Growth engine (exempt). Structure/reach theme.,phosphorus,,,,
Crystalline Trellis,event,phosphorus,10,0,0,3,0,mid,route,none,long aimed growth,"DIRECTIONAL, one-shot. Gated by Phosphorus. Lay a rigid mineralised growth spur: grow 5 segments in a straight chosen direction, passing over cleared ground. A hard structural reach.",Hyphae calcified into scaffolding to hold an impossible line.,,phosphorus,directional,,5 (aimed),
Phosphate Foundry,engine,phosphorus,11,0,0,1,0,mid,energy,none,+2 energy/round (burns P),"INSTALL. +2 Energy per round, but consumes 1 Phosphorus each round to run (idles at +0 if you have no P). Converts your P supply into master currency.",Burning stored phosphate for ATP when the sugar runs thin.,"ENERGY engine: 2/round, counts to <11 ceiling; self-limits via P cost.",phosphorus,,,,
Springtail Snare,engine,nitrogen,10,0,0,0,0,mid,nitrogen,none,+2 nitrogen/round,"INSTALL. +2 Nitrogen per round from trapped soil fauna (springtails, mites) — useful even with no nematodes on the map. The unconditional N line.","Laccaria's adhesive hyphae, quietly harvesting the little animals.",Resource engine (exempt). Unconditional: works without worms.,nitrogen,,,,
Decay Compost,action,nitrogen,6,0,0,0,0,flex,nitrogen,none,nitrogen harvest,"GLOBAL, cooldown 1. Wring +3 Nitrogen from network-wide decay at once. The N harvest option (no worm required).",Ammonia rising off everything the colony has already unmade.,,nitrogen,global,,,
Mycelial Bloom,event,nitrogen,7,0,0,0,3,flex,growth,none,growth spike,"GLOBAL, one-shot. Gated by Nitrogen. Every tip grows 2 segments toward sensed food and thickens — a nitrogen-fed surge, the aggression payoff.","The flush after rain, when nitrogen is suddenly cheap.",,nitrogen,global,,2 (all tips),
Chitin Armor,engine,nitrogen,12,0,0,0,2,mid,general-defense,all,defense engine,INSTALL. Gated by Nitrogen. +50% vitality recovery each round network-wide and a standing resistance to all threats' first touch. The N defensive payoff.,"Melanised, chitin-thick walls that shrug off the first bite.",Defense engine (exempt). Unconditional value even threat-free (recovery).,nitrogen,,,,
Nitrogen Foundry,engine,nitrogen,11,0,0,0,1,mid,energy,none,+2 energy/round (burns N),"INSTALL. +2 Energy per round, but consumes 1 Nitrogen each round (idles at +0 with no N). Turns aggression payoff into master currency.",Deaminating amino acids for a steady drip of ATP.,"ENERGY engine: 2/round, counts to <11 ceiling; self-limits via N cost.",nitrogen,,,,
Cordyceps Lance,event,nitrogen,9,0,0,0,3,mid,route,none,long aimed growth,"DIRECTIONAL, one-shot. Gated by Nitrogen. A violent aimed growth strike of 6 segments straight in a chosen direction — the aggressive traversal spike.","The fruiting stalk that erupts from a host, driving skyward.",,nitrogen,directional,,6 (aimed),
Ophiocordyceps Sentinel,engine,ant-defense,11,0,0,0,0,mid,defense,ant,ant pressure + reveal,"INSTALL. Each round, an infected ant scout wanders home and weakens its nest (small standing pressure on ant HP). ALSO widens the range at which food piles are revealed — useful even with no ants present.","The zombie-ant fungus, turning the raiders into its own scouts.",Unconditional: the reveal helps route to food even ant-free.,ant-defense,,,,
Formic Ward,action,ant-defense,8,0,0,0,0,flex,defense,ant,ant repel,"RADIUS around a tap (radius 120), cooldown 2. Sever the ant trail and repel foragers within the radius, so a nest must re-path and you get a head start to the pile.",A reek of antibiotic hyphae the column refuses to cross.,,ant-defense,radius,120,,
Leafcutter's Due,event,ant-defense,8,0,0,0,0,flex,energy,ant,contested harvest,"RADIUS around a tap (radius 110), one-shot. Rush-digest every food pile in the radius for +3 Energy per patch (flat) NOW — beat the ants to the harvest. Unplayable if no food in radius.",Take the leaf-hoard first; let the colony arrive to bare soil.,,ant-defense,radius,110,,
Myrmecophyte Pact,engine,ant-defense,10,0,0,0,0,mid,energy,ant,+1 to +3 energy/round,"INSTALL. +1 Energy per round; if any ant nest is active on the map, +3 instead. A pact that pays whether or not the ants show — never a dead draft.",Feeding the colony a sugar tithe so they raid a neighbour instead.,"ENERGY engine: capped 3/round, counts to <11 ceiling. Unconditional floor of +1.",ant-defense,,,,
Trail Choke,action,ant-defense,7,0,0,0,0,flex,route,ant,growth + block,"DIRECTIONAL, cooldown 2. Grow a dense mycelial wall 2 segments in a chosen direction that ant trails cannot cross, walling a pile off from a nest.",A living palisade the foragers meet and turn back from.,,ant-defense,directional,,2 (wall),
Melanin Sheath,engine,mould-defense,11,0,0,0,0,mid,defense,mould,infection resist + heal,"INSTALL. Standing chance to RESIST each Trichoderma contact infection, and +vitality recovery each round. Useful as plain regeneration even with no mould about.","Melanised cell walls: sunscreen, armour, and a rot-shield in one.",Defense engine (exempt). Unconditional recovery value.,mould-defense,,,,
Woronin Seal,action,mould-defense,8,0,0,0,0,flex,defense,mould,freeze rot spread,"GLOBAL, cooldown 1. Plug the septal pores network-wide: FREEZE all rot spread for 1 round (the race along your filaments halts). Buys a turn to cut or cleanse.",Woronin bodies slamming the hyphal doors shut against the breach.,,mould-defense,global,,,
Penicillin Purge,action,mould-defense,9,0,0,0,0,flex,defense,mould,cleanse + kill cloud,"RADIUS around a tap (radius 110), cooldown 1. Cleanse ALL infection within the radius and kill any Trichoderma cloud caught inside it. The workhorse cleanse.",Penicillium doing what it has always done to a rival mould.,,mould-defense,radius,110,,
Antibiosis Field,engine,mould-defense,13,0,0,0,0,mid,defense,mould,standing cleanse + slow,"INSTALL. Each round, cleanse a little infection network-wide AND emit an antifungal aura that slows Trichoderma clouds approaching your frontier. Standing mould suppression.",A permanent chemical no-man's-land at the colony's edge.,Even mould-free it keeps strands clean of transient dips.,mould-defense,,,,
Scorched Excision,event,mould-defense,6,0,0,0,0,flex,defense,mould,large amputate + cleanse,"RADIUS around a tap (radius 130), one-shot. Amputate every strand in a LARGE radius and cleanse the ground — the emergency firebreak for a runaway infection. Regrow after.",Cut to living tissue and burn the rest; the colony can afford to lose an arm.,,mould-defense,radius,130,,
Arthrobotrys Ring-Net,engine,worm-defense,11,0,0,0,0,mid,nitrogen,worm,+1 N/round + worm kill,"INSTALL. Constricting hyphal rings passively snare and digest nematodes near your frontier each round, yielding +1 Nitrogen per round even with no worms (soil fauna). Scales up when worms swarm.","The noose fungus, its rings snapping shut on anything that crawls through.",Unconditional N floor; converts a worm map into a payoff. Resource engine (exempt).,worm-defense,,,,
Sticky Secretion,basic,worm-defense,0,0,0,0,0,flex,defense,worm,worm stick,RADIUS around a tap (radius 70). Secrete mucus: stick every nematode in a small radius for 1 round (no move/feed/breed). The free floor worm tool.,Adhesive knobs the worms blunder into and cannot leave.,,worm-defense,radius,70,,
Pleurotus Predation,event,worm-defense,7,0,0,0,0,flex,nitrogen,worm,worm kill -> N,"RADIUS around a tap (radius 100), one-shot. Toxic droplets paralyse and DIGEST every nematode in the radius, converting them to Nitrogen (~+2 N each). The worm->N payoff burst.","The oyster mushroom, quietly carnivorous, dissolving its prey for nitrogen.",,worm-defense,radius,100,,
Nematophagous Bed,engine,worm-defense,12,0,0,0,0,mid,nitrogen,worm,worm kill -> +N/round,INSTALL. A standing carnivorous mat: each round it kills nematodes in contact and banks the Nitrogen (+2 N per worm digested). On a worm-heavy map this is a runaway N engine.,"A whole hunting ground of hyphal traps, always set.",Resource engine (exempt). Value scales with worm pressure; pairs with N lane.,worm-defense,,,,
Mucus Flood,action,worm-defense,9,0,0,0,0,flex,defense,worm,wide worm stick,"RADIUS around a tap (radius 140), cooldown 2. A wide sticky flood: stick every nematode in a LARGE radius for 2 rounds and halt a breeding swarm. The panic button.",Guttation turned to glue across the whole embattled front.,,worm-defense,radius,140,,
Sclerotium Bunker,engine,general-defense,12,0,0,0,0,mid,defense,all,all-threat resist + heal,"INSTALL. Standing +vitality recovery and a resistance to the FIRST hit from ants, mould, or worms each round. A hardened core that never sits idle whatever the map throws up.",A dense survival mass the colony can always retreat into.,Unconditional (recovery). Defense engine (exempt).,general-defense,,,,
Turkey-Tail Guard,action,general-defense,13,0,0,0,0,mid,defense,all,all-threat cleanse/repel,"RADIUS around a tap (radius 120), cooldown 2. Immune surge: cleanse mould infection, repel ants, and stick worms in the radius, all at once. One button for a mixed assault.","Trametes' banded shelves, the classic immune tonic of the forest.",,general-defense,radius,120,,
Amanita Toxin Ring,event,general-defense,10,0,0,0,1,flex,defense,all,all-threat kill/repel,"RADIUS around a tap (radius 130), one-shot. Lay a toxic ring: kills nematodes and Trichoderma clouds and drives ant foragers out of the radius. The scorched-earth reset.",Muscarine and amatoxin — nothing that eats the colony survives the dose.,,general-defense,radius,130,,
Pilobolus Cannon,event,finisher,16,0,2,0,0,late,finisher,none,goal surge,"GLOBAL, one-shot. Late-game only. Fire an aimed growth ballista of 8 segments straight toward the REVEALED goal zone, punching across open ground. Unplayable until the goal is sensed.","The hat-thrower, launching its cargo at ten thousand g toward the light.",,finisher,global,,8 (to goal),
Heliotropic Rush,event,finisher,18,0,0,2,0,late,finisher,none,goal fill,"GLOBAL, one-shot. Late-game only. Every tip within reach of the goal soil surges 4 segments toward it and branches to fill the fruiting columns. Unplayable until the goal is sensed.",The whole colony leaning at once toward the summer light.,,finisher,global,,4 (all -> goal),
Fruiting Primordia,event,finisher,24,0,2,2,0,late,finisher,none,win-secure fruit,"GLOBAL, one-shot. Late-game only. Force fruiting-body primordia across ALL reachable goal soil at once, even sickly or shallow tissue — guarantees the fruit that wins the level if any goal soil is held. Unplayable if no goal soil is reached.","Pins forming in the dark, committing the colony's whole life to this one flush.",,finisher,global,,,
Rhizomorph Sprint,event,finisher,14,0,1,0,0,late,finisher,none,traversal finisher,"DIRECTIONAL, one-shot. Late-game only. Lay an express cord 7 segments in a chosen direction and pull the whole frontier along it — a hard traversal finisher for the last barren gap.","Bootlaces racing through the dark, meters a day, straight for the exit.",,finisher,directional,,7 (aimed),
Prospering Flush,engine,finisher,13,0,0,0,0,late,finisher,none,+1 energy/round + goal creep,"INSTALL. Late-game engine. Each round, grow 1 segment toward the revealed goal AND +1 Energy. Buy it once the goal is in sight to close the run on autopilot. Unplayable until the goal is sensed.","The colony, scenting summer, needs no more steering.",ENERGY engine: 1/round (counts to <11). Growth exempt. Goal-locked.,finisher,,,,
Physarum Router,engine,grow,10,0,0,0,0,mid,route,none,auto-route/round,"INSTALL. Each round, auto-extend 1 segment toward the NEAREST sensed attractor (slime-mould pathfinding). Hands you steady routing without spending draws.",The slime mould that solves the maze and keeps only the efficient tubes.,Growth engine (exempt from energy ceiling).,grow-engine,,,,
Split-Gill Spread,action,growth-trick,6,0,0,0,0,early,grow,none,omni growth,"GLOBAL, cooldown 1. Grow 1 omni-segment from every tip AND branch denser network-wide — resilient, desiccation-proof coverage on demand.","Schizophyllum commune: more mating types than any organism, everywhere at once.",,grow-engine,global,,1 (omni),
Honey-Fungus March,event,growth-trick,9,0,1,0,0,mid,route,none,mass aimed growth,"DIRECTIONAL, one-shot. Advance the entire frontier 4 segments in a chosen direction as a coordinated sheet — the biggest single aimed push before finishers.","Armillaria, the largest organism alive, walking the forest floor.",,grow-engine,directional,,4 (frontier),
Truffle Instinct,action,utility,7,0,0,0,0,flex,route,none,reveal + growth,"GLOBAL, cooldown 2. Reveal the nearest unsensed food pile AND grow 2 segments toward it. Anti-stall tool when the frontier can't find the next meal.","Tuber, buried and blind, yet unerring toward what feeds it.",,grow-engine,global,,2 (seek),
Guttation Reservoir,engine,water,8,0,0,0,0,flex,water,none,+1 water/round,INSTALL. Store up to +2 extra Water soft-cap and refund 1 Water each round from condensation. A small standing top-up that smooths Water sequencing.,"Dew beading on the hyphae each night, saved against the dry.",Resource engine (exempt). Raises effective W cap slightly.,water,,,,
Bleeding-Tooth Font,action,water,9,0,0,0,0,mid,water,none,water harvest (no lake),"GLOBAL, cooldown 2. Guttate +4 Water from the network's own stored moisture — a Water harvest that needs no lake in range. The desert option.",Hydnellum peckii weeping its scarlet drops far from any pool.,,water,global,,,
Calcite Vault,engine,phosphorus,8,0,0,0,0,flex,phosphorus,none,+1 phosphorus/round,INSTALL. Store up to +2 extra Phosphorus soft-cap and refund 1 P each round from mineral scavenging. Smooths P sequencing for the heavy-gated cards.,Oxalate crystals banked in the hyphae like coin.,Resource engine (exempt). Raises effective P cap slightly.,phosphorus,,,,
Bore-Tide,event,phosphorus,13,0,0,3,0,mid,route,none,multi-rock clear,"RADIUS around a tap (radius 100), one-shot. Gated by Phosphorus. Clear every boulder AND every rock formation within the radius at once. Unplayable if none in radius.",Acid enough to dissolve a whole reef of stone in a night.,,phosphorus,radius,100,,boulder|formation
Diazotroph Symbiosis,engine,nitrogen,11,0,0,0,0,mid,nitrogen,none,+2 nitrogen/round,"INSTALL. Host nitrogen-fixing bacteria: +2 Nitrogen per round from the air itself, unconditional. A second standing N line for aggression decks.","Bacteria lodged in the hyphae, spinning nitrogen out of nothing.",Resource engine (exempt). Unconditional.,nitrogen,,,,
Lion's-Mane Regrowth,action,general-defense,9,0,0,0,0,flex,defense,all,regrow + heal,"RADIUS around a tap (radius 110), cooldown 2. Regenerate strands and rapidly re-grow tissue lost to any threat in the radius — restorative, not preventive. Pairs with any excision.",Hericium's cascading spines: the fungus that mends nerves mending itself.,,general-defense,radius,110,,
Chitin Digest,basic,energy-burst,0,0,0,0,0,flex,energy,none,energy burst,"GLOBAL. Burst-digest ONLY the substrate under your densest, oldest mat for +2 Energy per such patch (flat). A focused floor burst; weaker than premium bursts, free to draw.",Recycling the colony's own thickened core for a quick meal.,,digest,global,,,
Sensing Bloom,basic,utility,0,0,0,0,0,flex,route,none,sensing flare,GLOBAL. Flare the sensing radius for this action only: the next Grow this round sees attractors much further out. Free anti-stall floor tool.,A pulse of receptors flung out into the dark.,,grow-basic,global,,,
Melanize,basic,mould-defense,0,0,0,0,0,flex,defense,mould,infection resist (1 round),GLOBAL. Toughen cell walls for 1 round: standing chance to resist the next Trichoderma contact network-wide. The free floor mould tool.,Pigment flooding the walls the moment spores drift near.,,mould-defense,global,,,
Scout Repel,basic,ant-defense,0,0,0,0,0,flex,defense,ant,ant repel (1 round),RADIUS around a tap (radius 80). Emit a brief antibiotic reek that turns ant foragers back from the radius for 1 round. The free floor ant tool.,A whiff of something the column's chemists flag as poison.,,ant-defense,radius,80,,
Fissure Grow,basic,growth-trick,0,0,0,0,0,flex,route,none,growth + boulder clear,"DIRECTIONAL. Grow 2 aimed segments in a chosen direction and, if they meet a boulder, clear it as they pass. Combines a small push with a small dig. Free floor tool.",Hyphae wedging into a crack until the pebble simply gives.,,grow-basic,directional,,2 (aimed),boulder
Turgor Tap,basic,water,0,0,1,0,0,flex,growth,none,growth,GLOBAL. Gated by Water. Spend turgor for a single free growth pulse toward sensed food at no Energy — a cheap Water-fuelled tempo basic.,"A short swell of pressure, spent on one honest push.",,water,global,,1 pulse,
Necromass Feast,event,nitrogen,6,0,0,0,2,late,energy,none,N -> energy,"GLOBAL, one-shot. Gated by Nitrogen. Convert banked Nitrogen into a one-time +5 Energy per 2 N spent (you choose how much, up to your stock). Flexible late fuel.","The colony eating its own dead in a controlled, nitrogen-rich burn.",,nitrogen,global,,,
Mycangial Cache,extender,draw,7,0,0,0,0,flex,draw,none,+2 basics,"INSTALL. Shuffle 2 resource-tap basics (1 Guttation Sip, 1 Mineral Etch) into your draw deck. Runway that also shores up your W/P floor.",Beetles carry fungal spores in special pockets; the colony keeps its own.,,extender,,,,
Hyphal Fusion,action,draw,12,0,0,0,0,mid,draw,none,rare recycle,"INSTALL, cooldown 4. Retrieve one spent basic from the graveyard back into your hand-side pile — the ONLY recycle in the game, deliberately rare and slow.","Two colonies touching, becoming one, sharing what each had lost.","Slow, single-target, long cooldown: does not break the no-reshuffle clock.",draw-engine,,,,
Deep-Reach Taproot,event,route,10,0,2,0,0,mid,route,none,deep aimed growth,"DIRECTIONAL, one-shot. Gated by Water. Dive a single strand deep and far: grow 6 aimed segments straight DOWN-and-across in a chosen direction, tunnelling beneath a barrier belt.",The one cord that goes deep enough to pass under everything.,,grow-engine,directional,,6 (deep aimed),
Companion Planting,engine,energy-engine,13,0,0,0,0,mid,energy,none,+1 to +4 energy/round,"INSTALL. +1 Energy per round, and +1 more per round for each OTHER resource engine (W/P/N) you have installed, capped at +4 total. Rewards a resource-engine build.","A guild of partners, each paying a little into the common purse.","ENERGY engine: hard cap 4/round, counts to <11 ceiling.",energy-engine,,,,
Zombie Ant Vector,event,ant-defense,9,0,0,0,0,flex,route,ant,ant neutralise + path,"GLOBAL, one-shot. Turn an active ant nest against itself: it stops harvesting and its foragers clear a path (removes the impassable trail) for 3 rounds. Unplayable if no ant nest is active.",The fungus steers the colony's corpse to where its spores need to go.,,ant-defense,global,,,
Spore Print Draft,extender,draw,8,0,0,0,0,flex,draw,none,+3 basics,INSTALL. Shuffle 2 Forage Seek and 1 Sensing Bloom basic into your draw deck. Runway tuned to keep a stalled frontier finding food.,"A dark print dropped on the soil, each spore a fresh start.",,extender,,,,
Cellulase Cascade,action,energy-burst,10,0,0,0,0,mid,energy,none,repeatable digest burst,"GLOBAL, cooldown 2. Digest all occupied substrate for +2 Energy per patch (flat), repeatable on cooldown. A metered burst engine, not a one-shot — the reliable mid-game refill.","The enzyme wave you can call up again and again, if you pace it.","Action (cooldown-gated repeatable), not a standing energy engine => exempt from ceiling.",digest,global,,,
Mycorrhizal Handshake,engine,energy-engine,12,0,0,0,0,mid,energy,none,+3 energy/round (fed),INSTALL. +3 Energy per round while at least one tip sits within sensing range of a food pile; +1 otherwise. Rewards keeping the frontier fed.,"Sugar-for-mineral trade, humming only while a partner is in reach.","ENERGY engine: up to 3/round, conditional, counts to <11 ceiling.",energy-engine,,,,
Amadou Tinder,engine,phosphorus,5,0,0,0,0,early,energy,none,+1 energy/round,"INSTALL. +1 Energy per round; consumes 0 resources. The tiniest, cheapest standing trickle — an early pick that never embarrasses you and frees draws for action.","Fomes tinder, catching the smallest spark and holding it.","ENERGY engine: 1/round, counts to <11 ceiling. Cheap early runway.",energy-engine,,,,
Hydnellum Weir,event,water,11,0,3,0,0,mid,route,none,column clear (W route),"DIRECTIONAL, one-shot. Gated by Water. Clear one rock column in a chosen direction by dissolving its base — a Water-gated alternative to the P-gated column dig. Unplayable if no column in range.",Redirecting water to carve the barrier out from under itself.,,dig-ladder,directional,,,column
Sporangial Volley,action,growth-trick,7,0,0,0,0,flex,route,none,repeatable aimed growth,"DIRECTIONAL, cooldown 1. Fire 3 aimed segments in a chosen direction, repeatable — a cheap standing traversal tool for open ground once installed.","A steady patter of spores, each one a new advancing tip.",,grow-engine,directional,,3 (aimed),
Colonise Pocket,action,grow,6,0,0,0,0,early,grow,none,fast colonise,"RADIUS around a tap (radius 90), cooldown 1. Densely branch and fully colonise all occupied substrate within the radius in one action — maximises passive income from a pile fast.",Saturating a food pocket with mat until every cell is worked.,,grow-engine,radius,90,,
Ambrosia Garden,engine,energy-engine,9,0,0,0,0,mid,energy,none,+2 energy/round (peacetime),"INSTALL. +2 Energy per round, but only while NO threat is currently touching your network; +0 while under attack. A fair-weather engine that pays in calm stretches.",Beetles farming their fungal gardens — productive only in peace.,"ENERGY engine: 2/round, conditional, counts to <11 ceiling.",energy-engine,,,,
Dead-Man's-Fingers Reach,event,phosphorus,8,0,0,2,0,mid,route,none,deep aimed growth,"DIRECTIONAL, one-shot. Gated by Phosphorus. Grow 4 aimed segments straight down in a chosen direction through deep soil, then branch — the structural deep-dive to slip under a column belt.","Xylaria's black digits, reaching into wood no other fungus bothers with.",,phosphorus,directional,,4 (deep aimed),
Immune Priming,engine,general-defense,11,0,0,0,0,mid,defense,all,standing damage cap,"INSTALL. Each round, reduce the reach of the NEXT threat contact (rot rings claimed, worms fed, ants harvested) by a flat amount. A standing damage-cap on whatever hits first.",The colony that has been bitten once and remembers.,Unconditional across all three threats; defense engine (exempt).,general-defense,,,,
Guttation Cleanse,basic,worm-defense,0,0,0,0,0,flex,defense,all,stick + light cleanse,RADIUS around a tap (radius 70). Rinse a small radius: stick worms AND wash off light mould infection at once. A dual free-floor cleanse for a messy frontier.,A flush of clean droplets carrying the grime away.,,general-defense,radius,70,,
Sunlit Antennae,event,finisher,8,0,0,0,0,late,finisher,none,reveal goal + growth,"GLOBAL, one-shot. Late-game only. Permanently reveal the goal zone and its shaded columns, and grow 3 segments toward it. The scout that opens the endgame. Unplayable until you are within a few pushes of the goal.","The first hyphae to taste warm soil, and call the rest.",,finisher,global,,3 (to goal),
Overwinter Sclerotium,extender,draw,10,0,0,0,0,mid,draw,none,+4 defensive basics,"INSTALL. Shuffle 4 assorted defensive basics (1 each: Melanize, Sticky Secretion, Scout Repel, Guttation Cleanse) into your draw deck. Runway for a defensive, attrition build.","A survival mass packed with every trick, waiting out the siege.",,extender,,,,
Wick Grow,basic,growth-trick,0,0,0,0,0,flex,route,none,growth + lure,"DIRECTIONAL. Grow 2 segments toward the nearest food source lying in a chosen direction, even if out of sensing range, AND drop a tiny lure where they land. Free directed seek.","A single questing cord, wicking toward the scent it chose.",,grow-basic,directional,,2 (directed seek),
Calcite Surge,event,phosphorus,7,0,0,3,0,flex,growth,none,growth spike,"GLOBAL, one-shot. Gated by Phosphorus. Every tip grows 2 segments toward sensed food and stiffens into structural cord — the P counterpart to the W and N growth spikes, better at holding won ground.",Mineral scaffolding thrown up across the whole advancing sheet.,,phosphorus,global,,2 (all tips),
Mycoparasite Turn,event,mould-defense,7,0,0,0,0,flex,energy,mould,cloud kill -> energy,"RADIUS around a tap (radius 120), one-shot. Turn the tables: consume every Trichoderma cloud in the radius and gain +4 Energy per cloud devoured (flat). The mould->resource converter. Unplayable if no cloud in radius.",The parasite parasitised — the colony eats the mould that came to eat it.,,mould-defense,radius,120,,
Stinkhorn Decoy,event,ant-defense,7,0,0,0,0,flex,defense,ant,ant misdirect,"DIRECTIONAL, one-shot. Grow a reeking false food body in a chosen direction that ant foragers swarm to and waste 3 rounds harvesting, pulling every trail off your real piles.","Phallus impudicus, stinking of carrion, drawing the insects to nothing.",,ant-defense,directional,,,
Inkcap Deliquesce,event,energy-burst,9,0,0,0,0,flex,energy,none,max energy burst,"GLOBAL, one-shot. Fully autolyse ALL occupied substrate for +4 Energy per patch (flat) — the biggest ungated burst. Harsh downside: those patches are emptied to zero, killing their passive income entirely.","Coprinus dissolving itself to black ink overnight, spending everything.",Ungated but the harshest downside (patches zeroed). Balances vs gated bursts.,energy-burst,global,,,
Dormancy Pact,engine,energy-engine,8,0,0,0,0,flex,energy,none,cheaper skip,"INSTALL. Reduces the SKIP cost by 3 Energy while installed (a cheaper idle). Does NOT print Energy, so it never counts toward the engine ceiling — it just softens the depletion clock.",Slowing the metabolism to a crawl to wait out the lean dark.,NOT an energy engine (prints nothing); exempt from <11 ceiling. Runway/clock softener.,energy-engine,,,,
Rhizosphere Priming,basic,phosphorus,0,0,0,0,0,flex,phosphorus,none,phosphorus floor,GLOBAL. Coax the surrounding soil web for +1 Phosphorus with no rock in range — the free P floor when the crystals are far.,Exudates sweet-talking the whole rhizosphere into sharing its phosphate.,,phos-tap,global,,,
Mycena Glow,basic,utility,0,0,0,0,0,flex,route,none,reveal,GLOBAL. Bioluminesce for one action: reveal all food and rock within an expanded radius so you can plan the next route. Free scouting floor tool.,"Little green lamps of Mycena, mapping the dark by their own light.",,grow-basic,global,,,
Ganoderma Bracket,engine,general-defense,9,0,0,0,0,flex,defense,all,flat damage reduction + heal,"INSTALL. A hard perennial shelf: flat reduction to ALL threat damage each round and slow vitality regen. The cheapest always-on toughness, valuable on any map.","Reishi, the bracket that returns to the same log for a decade.",Unconditional; defense engine (exempt).,general-defense,,,,
Rhizomorph Relay,extender,draw,8,0,0,0,0,flex,draw,none,+3 basics,INSTALL. Shuffle 2 Tropic Lunge and 1 Colonise-Pocket-style Radial Flush basic into your draw deck. Balanced runway of push + fill.,Relay cords handing the advance from one bundle to the next.,,extender,,,,
